Город,Название в системе,Координаты,Фактический адрес,Юридический адрес,ИНН / КПП склада,Р/С,Телефон,GLN,GUID
Адыгейск,АДЫГЕЙСК_РФЦ,"44.871214, 39.179640. Смотреть на картах","385200, Республика Адыгея, Теучежский район, хутор Кочкин, ул. Логистическая, д. 3, стр. 1","ООО «Интернет Решения», 385200, Республика Адыгея, Теучежский район, хутор Кочкин, Логистическая улица, дом 3, стр. 1",7704217370 / 010045001,"40702810600014252743 в банке ЗАО «Юникредит Банк», БИК 044525545, к/с 30101810300000000545","Телефон: +7 958 400-00-05, добавочный 70596",4610063718840,59a176a1-f30e-478f-a7ae-e9b907caeb88
Волгоград,"ВОЛГОГРАД_МРФЦ_КРОССДОКИНГ, ВОЛГОГРАД_МРФЦ","48.768093, 44.417221 Смотреть на картах","400075, Россия, Волгоградская область, г. Волгоград, рабочий поселок Гумрак, тер. Таймырский проезд, д.2","ООО «Интернет Решения»,  Россия, Волгоградская область, г. Волгоград, рабочий поселок Гумрак, тер. Таймырский проезд, д.2",7704217370 / 344345005,"40702810600014252743 в банке ЗАО «Юникредит Банк», БИК 044525545, к/с 30101810300000000545",Телефон диспетчерской:+7 917 830-03-44;+7 917 830-03-37,4610063718864,f95becc3-065c-4958-a1be-72e5dc23a810
Воронеж,"ВОРОНЕЖ_МРФЦ, ВОРОНЕЖ_МРФЦ_Кроссдокинг","51.807712, 39.214180 Смотреть на картах","396002, Российская Федерация, Воронежская обл., Рамонский район, с/п Айдаровское, тер. Промышленная, ул. 1-я Промышленная зона, 6б","ООО «Интернет Решения»,  396002, Россия, Воронежская обл., Рамонский м.р-н, Айдаровское с.п., тер.Промышленная, ул 1-я Промышленная зона, 6б",7704217370 / 366645006,"40702810600014252743 в банке АО «Юникредит Банк», БИК 044525545, к/с 30101810300000000545",Телефон диспетчерской: +7 915 581-00-56,4610063718925,03aef9ee-f1cd-4f02-a762-be70bfc8b54f
Воронеж-2,ВОРОНЕЖ_2_РФЦ,"51.633402, 39.321452 Смотреть на картах","396335, Воронежская область, муниципальный район Новоусманский, сельское поселение Отрадненское, село Александровка, улица Акварельная, здание 1","ООО «Интернет Решения», 396335, Воронежская область, муниципальный район Новоусманский, сельское поселение Отрадненское, село Александровка, улица Акварельная, здание 1",7704217370 / 366345004,"40702810600014252743 в банке АО «Юникредит Банк», БИК 044525545, к/с 30101810300000000545",Телефон диспетчерской: +7 495 744 29 61 доб. 73178,4610063718710,Нет GUID
Гривно,"ГРИВНО_РФЦ_КРОССДОКИНГ, ГРИВНО_РФЦ","55.357404, 37.571884. Смотреть на картах","142184, Московская область, городской округ Подольск, деревня Гривно, территория промышленного парка Гривно, д. 1, к. 13","ООО «Интернет Решения», 142184, Российская Федерация, Московская область, городской округ Подольск, деревня Гривно, территория промышленного парка Гривно, д. 1, к. 13",7704217370 / 507445011,"40702810600014252743 в банке ЗАО «Юникредит Банк», БИК 044525545, к/с 30101810300000000545",Телефон: +7 915 140-00-97,4610063718833,ac9ebd91-cc16-43dd-86ec-216b30686d9
Давыдовское Негабарит,"ДАВЫДОВСКОЕ_РФЦ_НЕГАБАРИТ_КРОССДОКИНГ, ДАВЫДОВСКОЕ_РФЦ_НЕГАБАРИТ",Нет координат,"​Московская обл., г. Истра, д. Давыдовское, ул. Дачная, стр. 3","ООО «Интернет Решения», Московская обл., г. Истра, д. Давыдовское, ул. Дачная, стр. 3",7704217370 / 501745009,"40702810600014252743 в банке ЗАО «Юникредит Банк», БИК 044525545, к/с 30101810300000000545",Нет номера телефона,Нет GLN,Нет GUID
Екатеринбург,"Екатеринбург_РФЦ_НОВЫЙ, ЕКАТЕРИНБУРГ_РФЦ_Кроссдокинг","56.755615, 60.774011. Смотреть на картах","г. Екатеринбург, территория Логопарк Кольцовский, стр. 15","ООО «Интернет Решения», 620025, Свердловская область, г. Екатеринбург, территория Логопарк Кольцовский, стр. 15",7704217370 / 668545001,"40702810600014252743 в банке ЗАО «Юникредит Банк», БИК 044525545, к/с 30101810300000000545","Телефон: +7 495 232-10-00, доб. 71970 — диспетчер.",4607196261893,abf2c590-205b-4092-8714-f9c374134938
Жуковский,"ЖУКОВСКИЙ_РФЦ_КРОССДОКИНГ, ЖУКОВСКИЙ_РФЦ","55.569752, 38.068367. Смотреть на картах","140182, Московская область, г. Жуковский, районн Замоскворечье, д. 457, стр. 5","ООО «Интернет Решения», 140182, Россия, Московская область, г.о. Жуковский, г. Жуковский, район Замоскворечье, д. 457, стр. 5",7704217370 / 504045009,"40702810600014252743 в банке ЗАО «Юникредит Банк», БИК 044525545, к/с 30101810300000000545",Телефон: +7 915 130-41-80,4610063718888,6ec4b69f-16ba-4008-b1fe-8de7acd1950b
Казань,"Казань_РФЦ_НОВЫЙ, КАЗАНЬ_РФЦ_Кроссдокинг","55.854507, 48.849047. Смотреть на картах","Республика Татарстан, г. Зеленодольск, промышленный парк Зеленодольск, зд. 19","ООО «Озон Волга», 422527 Россия, Республика Татарстан, Зеленодольский р-н, г. Зеленодольск, Промышленная площадка «Зеленодольск», Промышленный район, здание 19",1648050123 / 164845001,"40702810600014252743 в банке ЗАО «Юникредит Банк», БИК 044525545, к/с 30101810300000000545","Телефон: +7 495 744-29-61, доб. 77701",4607196246227,e64d4a8b-9fd1-40cc-91a9-eeec07e1143a
Калининград,КАЛИНИНГРАД_МРФЦ,"54.665864, 20.471896. Смотреть на картах","г. Калининград, ул. Печатная, д. 56","ООО «Озон Калининград», г. Калининград, ул. Печатная, д. 56",3906407538 / 390601001,"40702810600014252743 в банке АО «Юникредит Банк», БИК 044525545, к/с 30101810300000000545",Телефон: +7 981 450-05-83,4610063718895,7238cd53-5fec-4af0-9f57-bf12813c7ed7
Красноярск,"КРАСНОЯРСК_МРФЦ, Красноярск_МРФЦ_Кроссдокинг","56.103758, 93.070763. Смотреть на картах","г. Красноярск, ул. Пограничников, д. 9И","ООО «Интернет Решения», 660111, Красноярский край, г. Красноярск, ул. Пограничников, д. 9и",7704217370 / 246545004,"40702810600014252743 в банке АО «Юникредит Банк», БИК 044525545, к/с 30101810300000000545","Телефон: Диспетчерская +7 958 400-00-05, доб. 70266",4607196284137,7b7a0a96-9eb5-4d91-b5b2-5a9efed04833
Нижний Новгород,"НИЖНИЙ_НОВГОРОД_РФЦ, НИЖНИЙ_НОВГОРОД_РФЦ_Кроссдокинг","56.299372, 43.615007. Смотреть на картах","Россия, Нижегородская область, г. Дзержинск, ш. Игумновское, д. 5Г","ООО «Интернет Решения», Российская Федерация, Нижегородская область, г. Дзержинск, ш. Игумновское, д. 5Г",7704217370 / 524945005,"40702810600014252743 в банке ЗАО «Юникредит Банк», БИК 044525545, к/с 30101810300000000545",Телефон: +7 985 167-63-90,4610063718956,4058a96d-4c6e-4b8b-8fa5-27fffadbb107
Новороссийск,"НОВОРОССИЙСК_МРФЦ_Кроссдокинг, НОВОРОССИЙСК_МРФЦ","44.840945, 37.574539. Смотреть на картах","Российская Федерация, Краснодарский край, г. Новороссийск, ст. Раевская, тер. Автодорога Юровка-Раевская-Новороссийск, 38-й км, д. 4.","ООО «Интернет Решения», Российская Федерация, Краснодарский край, г. Новороссийск, ст. Раевская, тер. Автодорога Юровка-Раевская-Новороссийск, 38-й км, д. 4.",7704217370 / 231545010,"40702810600014252743 в банке АО «Юникредит Банк», БИК 044525545, к/с 30101810300000000545",Телефон: +7 918 628-50-57 Диспетчерская,4610063718949,f4ce4d19-c351-439c-b269-a60ea63b03c7
Новосибирск,"Новосибирск_РФЦ_НОВЫЙ, НОВОСИБИРСК_РФЦ_Кроссдокинг","55.004917, 82.555067. Смотреть на картах","Новосибирская область, городской округ Обь, населённый пункт 3307 километр, ул. 3307 км, д. 16, к. 8","ООО «Интернет Решения», 633100 Новосибирская область, Новосибирский муниципальный район, сельское поселение Толмачевский сельсовет, 3307 км платформа, д. 16, корпус 8",7704217370 / 543345001,"40702810600014252743 в банке ЗАО «Юникредит Банк», БИК 044525545, к/с 30101810300000000545","Телефон: +7 495 744-29-61 доб. 76411, 76420", 4607196244414,c57fdd16-419f-4022-82e3-b19e6c6f87a7
Ногинск,НОГИНСК_РФЦ,"55.829690, 38.248607. Смотреть на картах","142440, Российская Федерация, Московская область, Богородский городской округ, рабочий поселок Обухово, территория Обухово-Парк, дом 2, строение 1","ООО «Интернет Решения», 142440, Российская Федерация, Московская область, Богородский городской округ, рабочий поселок Обухово, территория Обухово-Парк, дом 2, строение 1",7704217370 / 503145006,"40702810600014252743 в банке ЗАО «Юникредит Банк», БИК 044525545, к/с 30101810300000000545",Нет номера телефона,4610063718796,Нет GUID
Павловская Слобода Негабарит,"ПАВЛО_СЛОБОДСКОЕ_РЦ_Кроссдокинг, ПАВЛО_СЛОБОДСКОЕ_РФЦ_НЕГАБАРИТ",Нет координат,"143581, Московская обл., Истринский район, с. Павловская Слобода, территория квартала 0050343, зд. 2","ООО «Интернет Решения», 143581, Россия, Московская область, г. Истра, с. Павловская Слобода, территория квартала 0050343, зд. 2",7704217370 / 501745011,"40702810600014252743 в банке ЗАО «Юникредит Банк», БИК 044525545, к/с 30101810300000000545","Телефон: +7 958 400-00-05, доб. 72191",4640072246812,075779de-eb20-46c8-b75d-3e4e8571e2c4
Петровское,ПЕТРОВСКОЕ_РФЦ,"55.833351, 36.875255. Смотреть на картах","Россия, Московская обл, г. Истра, с. Петровское, территория МПСК Ориентир-Запад, зд. 1А","ОО «Интернет Решения» 143541, Россия, Московская обл, Истра г., Петровское с., МПСК Ориентир-Запад тер, зд. 1А",7704217370 / 501745007,"40702810600014252743 в банке ЗАО «Юникредит Банк», БИК 044525545, к/с 30101810300000000545","Контактные телефоны (Диспетчерская):+7 495 232-10-00, добавочный 71953+7 495 232-10-00, добавочный 71624+7 495 232-10-00, добавочный 71948+7 495 232-10-00, добавочный 70091+7 495 232-10-00, добавочный 71951",4607196270796,4d39ae1e-6721-4213-9d4e-6580be748cef
Пушкино-1,ПУШКИНО_1_РФЦ,"56.041607, 37.885996. Смотреть на картах","Россия, Московская область, Пушкинский городской округ, г. Пушкино, Ярославское шоссе, д. 216.","ООО «Интернет Решения», 141202, Россия, Московская область, Пушкинский городской округ, г. Пушкино, шоссе Ярославское, д. 216.",7704217370 / 503845013,"40702810600014252743 в банке ЗАО «Юникредит Банк», БИК 044525545, к/с 30101810300000000545","Телефон: +7 958 400-00-05 (доб. 70734) — диспетчерская, +7 915 130-58-94 — возвраты",4610063718932,04b4a941-fa62-4e55-925b-a13e0529bb31
Пушкино-2,ПУШКИНО_2_РФЦ,"56.041607, 37.885996. Смотреть на картах","Россия, Московская область, г.о. Пушкинский, г. Пушкино, Ярославское шоссе, д. 218","ООО «Интернет Решения», 141202, Россия, Московская область, г.о. Пушкинский, г. Пушкино, Ярославское шоссе, д. 218",7704217370 / 503845014," 40702810600014252743 в банке АО «Юникредит Банк», БИК 044525545, к/с 30101810300000000545","Телефон: +7 958 400-00-05, доб. 70900",4610063718918,6b1e9278-b859-45f7-89cd-63d015302c2c
Ростов-на-Дону,"Ростов_на_Дону_РФЦ, РОСТОВ-НА-ДОНУ_РФЦ_Кроссдокинг","47.125328, 39.896027. Смотреть на картах","346703, Ростовская область, Аксайский район, хутор Ленина, ул. Логопарк д. 5","ООО «Интернет Решения», 346703 Ростовская область, Аксайский район, х. Ленина, ул. Логопарк, д. 5",7704217370 / 610245001,"40702810600014252743 в банке ЗАО «Юникредит Банк», БИК 044525545, к/с 30101810300000000545",Телефон: +7 918 510-37-61,4607196240768,8ac74fc6-3b20-4730-aaea-460aed2ff78e
Самара,"САМАРА _РФЦ_Кроссдокинг, САМАРА _РФЦ","52.960285, 49.744254. Смотреть на картах","446100, Россия, Самарская область, г. Чапаевск, ул. Индустриальная, зд. 3, Индустриальный парк Чапаевск","ООО «Озон Поволжье», 446100, Россия, Самарская область, г. Чапаевск, ул. Индустриальная, зд. 3", 6330094512 / 633045001,"40702810900000190640 в банке АО «РАЙФФАЙЗЕНБАНК», БИК 044525700, к/с 30101810200000000700","Телефон:  +7 958 400-00-05, добавочный 70530",4610063718970,89dce473-7bd7-4f98-819d-7a383e03e0c6
Санкт-Петербург,"САНКТ-ПЕТЕРБУРГ_РФЦ_Кроссдокинг, Санкт_Петербург_РФЦ","59.814295, 30.478282. Смотреть на картах","г. Санкт-Петербург, внутригородское муниципальное образование Санкт-Петербурга п. Петро-Славянка, ул. Софийская, д. 118, к. 4, стр. 1","ООО «Интернет Решения», 196642 Санкт-Петербург, внутригородское муниципальное образование Санкт-Петербурга поселок Петро-Славянка, Софийская улица, дом 118, корпус 4, строение 1",7704217370 / 781745003,"40702810600014252743 в банке ЗАО «Юникредит Банк», БИК 044525545, к/с 30101810300000000545","Телефон: +7 495 744-29-61, доб. 77582",4607196242335,9ece539f-8528-4840-b320-67c4035e81b5
Софьино,СОФЬИНО_РФЦ,"55.495859, 38.164505. Смотреть на картах","Российская Федерация, Московская область, Раменский городской округ, квартал 4/218, стр. 2/1 (территория Логистического технопарка «Софьино»)","ООО «Интернет Решения», 140126, Россия, Московская область, Раменский г.о., квартал 4/218, стр. 2/1",7704217370 / 504045010,"40702810600014252743 в банке ЗАО «Юникредит Банк», БИК 044525545, к/с 30101810300000000545","Телефон:+7 958 400-00-05, добавочный 70634+7 915 144-49-21",4610063718857,7d64f8cc-2594-4449-aed9-b1e11dd4dbb9
СПБ Бугры,СПБ_БУГРЫ_РФЦ," 60.079010, 30.395133. Смотреть на картах","Россия, Ленинградская область, Всеволожский район, с.п. Бугровское, тер. Бугры Массив, ул. Шоссейная, зд. 50, к. 1","ООО «Интернет Решения», 188660, Россия, Ленинградская область, Всеволожский район, с.п. Бугровское, тер. Бугры Массив, ул. Шоссейная, зд. 50, к. 1",7704217370 / 470645003,"40702810600014252743 в банке АО «Юникредит Банк», БИК 044525545, к/с 30101810300000000545","Телефон: +7 958 400-00-05, доб. отгрузка — 71263, 70735, доб. приёмка — 70748, 72686",4610063718901,a4337345-aa32-46f3-9420-c6ec9b336d7f
СПБ Бугры Ювелирный,СПБ_БУГРЫ_РФЦ_ЮВЕЛИРНЫЙ," 60.079010, 30.395133. Смотреть на картах","Россия, Ленинградская область, Всеволожский район, с.п. Бугровское, тер. Бугры Массив, ул. Шоссейная, зд. 50, к. 1","ООО «Интернет Решения», 188660, Россия, Ленинградская область, Всеволожский район, с.п. Бугровское, тер. Бугры Массив, ул. Шоссейная, зд. 50, к. 1",7704217370 / 010045002,"40702810600014252743 в банке АО «Юникредит Банк», БИК 044525545, к/с 30101810300000000545",Нет номера телефона,4610063718727,Нет GUID
Тверь,Тверь_Хаб или Тверь_РФЦ.,"56.798202, 35.932370. Смотреть на картах","170540, Тверская область, Калининский р-н, промышленная зона Боровлево-2, комплекс 1А","Филиал ООО «Интернет Решения» в Тверской области, 170540, Тверская область, Калининский р-н, промышленная зона Боровлёво-2, комплекс 1А",7704217370 / 694943001,"Р/С 40702810363020002536, Тверское ОСБ №8607 г. Тверь, БИК 042809679, к/с 30101810700000000679","Телефон: +7 4822 63-83-81, добавочный 74862, 72774, 71233.",4607196175190,40c668a9-258a-4a9e-93d6-3bd47148ba20
Хабаровск,Хабаровск_РФЦ,"48.394148, 135.152038. Смотреть на картах","680015, г. Хабаровск, ул. Суворова, д. 82А, корпус 4","ООО «Интернет Решения» 680015 Хабаровский край, Хабаровск г., Суворова ул., 82а",7704217370 / 272345005,"40702810600014252743 в банке ЗАО «Юникредит Банк», БИК 044525545, к/с 30101810300000000545",Телефон: +7 914 203-60-60,4607196265327,1a7d326a-0bd4-434e-b311-fbeff23c22e4
Хабаровск-2,"ХАБАРОВСК_2_РФЦ_КРОССДОКИНГ, ХАБАРОВСК_2_РФЦ","48.447846, 135.157075. Смотреть на картах","Хабаровский край, г.о. «Город Хабаровск», г. Хабаровск, улица Донская, д. 2а/14","ООО «ОЗОН ХАБАРОВСК», 680052, Хабаровский край, город Хабаровск г.о., г. Хабаровск, ул. Донская, д. 2а/14",2700011611 / 270045001,"40702810700000142285 в банке «ГУ Банка России по ЦФО», БИК 044525823 , к/с 30101810200000000823",Телефон: +7 914 372-07-19,4610063718758,Нет GUID
Хоругвино,"ХОРУГВИНО_РФЦ, ХОРУГВИНО_РФЦ_Кроссдокинг","56.126664, 37.209414. Смотреть на картах","141533, Московская обл., Солнечногорский р-н, с. п. Пешковское, дер. Хоругвино, стр. 32/2","ООО «Интернет Решения», 141533 Московская область, Солнечногорский р-н, д. Хоругвино, 32/2",7704217370 / 504445002,"40702810600014252743 в банке ЗАО «Юникредит Банк», БИК 044525545, к/с 30101810300000000545","Телефон: +7 495 232-10-00, добавочный 77992",4607196209376,2cd15b49-8cac-45ea-bad5-1169a01c4c36
Хоругвино Негабарит,"ХОРУГВИНО_РФЦ_Негабарит_Кроссдокинг, Хоругвино_НЕГАБАРИТ","56.126664, 37.209414. Смотреть на картах","141533, Московская обл., Солнечногорский р-н, с. п. Пешковское, дер. Хоругвино, стр. 32/2","ООО «Интернет Решения», 141533 Московская область, Солнечногорский р-н, д. Хоругвино, 32/2",7704217370 / 504445002,"40702810600014252743 в банке ЗАО «Юникредит Банк», БИК 044525545, к/с 30101810300000000545","Телефон: +7 495 232-10-00, добавочный 77992",4607196209376,2cd15b49-8cac-45ea-bad5-1169a01c4c36
Шушары,СПБ_ШУШАРЫ_РФЦ,"59.798385, 30.451271. Смотреть на картах","196158, Россия, г. Санкт-Петербург, поселок Шушары, Московское шоссе, д. 143, стр. 1.","ООО «Интернет Решения», 196158, Россия, г. Санкт-Петербург, пос. Шушары, внутренняя территория города, Московское шоссе, д. 143, стр. 1",7704217370 / 781745005,"40702810600014252743 в банке ЗАО «Юникредит Банк», БИК 044525545, к/с 30101810300000000545","Телефон: +7 812 600-43-20, доб. 72308",4610063718802,fa051b5f-deea-4aaa-9b60-df25f352ea61
Шушары Негабарит,СПБ_ШУШАРЫ_РФЦ_НЕГАБАРИТ,"59.795777, 30.450445. Смотреть на картах","г. Санкт-Петербург, пос. Шушары, ш. Московское, д. 141, корп. 2, стр. 1","ООО «Интернет Решения», г. Санкт-Петербург, пос. Шушары, ш. Московское, д. 141, корп. 2, стр. 1",7704217370 / 781045015,"40702810600014252743 в банке ЗАО «Юникредит Банк», БИК 044525545, к/с 30101810300000000545","Телефон: Диспетчерская +7 958 400-00-05 (доб. 72443), +7 911 160-83-08", 4610063718680,Нет GUID
РЦ Павловская Слобода,ПАВЛО_СЛОБОДСКОЕ_РЦ,Нет координат,"143581, Московская обл., Истринский район, с. Павловская Слобода, территория квартала 0050343, зд. 2","ООО «Интернет Решения», 143581, Россия, Московская область, г. Истра, с. Павловская Слобода, территория квартала 0050343, зд. 2",7704217370 / 501745011,"40702810600014252743 в банке ЗАО «Юникредит Банк», БИК 044525545, к/с 30101810300000000545","Телефон: +7 958 400-00-05, доб. 72191",4640072246812,075779de-eb20-46c8-b75d-3e4e8571e2c4
РЦ Рябиновая_Кроссдокинг,Fresh_DC_МСК_Рябиновая,Нет координат,"121471, г. Москва, ул. Рябиновая, д. 51, стр. 2","121471, г. Москва, ул. Рябиновая, д. 51, стр. 2",7704217370 / 771545462,"40702810100002400756 в банке АО «РАЙФФАЙЗЕНБАНК», БИК 44525700, к/с 30101810200000000700",Нет номера телефона,4610063719748,6154e453-7384-42ab-8afd-97a331367de3
Армавир — Лавриенко,СЦ_АРМАВИР_ЛАВРИЕНКО,Нет координат,"г. Армавир , ул. Лавриненко 1, строения 6, 7, 8","ООО «Интернет Решения», г. Армавир , ул. Лавриненко 1, строения 6, 7, 8",7704217370 / 237245004,"40702810600014252743 в банке ЗАО «Юникредит Банк», БИК 044525545, к/с 30101810300000000545",Нет номера телефона,Нет GLN,Нет GUID
Астрахань — Солянка,АСТРАХАНЬ_ХАБ_СОЛЯНКА,Нет координат,"Астраханская область, Наримановский район с. Солянка, ул. Ермака д.1","ООО «Интернет Решения», Астраханская область, Наримановский район с. Солянка, ул. Ермака д.1",7704217370 / 300045002,"40702810600014252743 в банке ЗАО «Юникредит Банк», БИК 044525545, к/с 30101810300000000545",Телефон: +7 988 174-48-86,Нет GLN,Нет GUID
Барнаул,БАРНАУЛ_ХАБ_ДАЛЬНЯЯ,Нет координат,"Алтайский край, г. Барнаул, ул. Дальняя, д. 24/2","ООО «Интернет Решения», 656922, Алтайский край, г. Барнаул, ул. Дальняя, д. 24/2",7704217370 / 222245007,"40702810600014252743 в банке ЗАО «Юникредит Банк», БИК 044525545, к/с 30101810300000000545",Телефон: +7 913 700-37-54,Нет GLN,Нет GUID
Белгород,СЦ_Белгород_Коммунальная,Нет координат,"308013, обл. Белгородская, г. Белгород, ул. Коммунальная, д. 18","ООО «Интернет Решения», 308009, Белгородская область, г. Белгород, ул. Коммунальная, д. 18",7704217370 / 312345006,"40702810600014252743 в банке ЗАО «Юникредит Банк», БИК 044525545, к/с 30101810300000000545",Нет номера телефона,Нет GLN,Нет GUID
Брянск — Октябрьское,СЦ_БРЯНСК_ОКТЯБРЬСКОЕ,Нет координат,"Брянская область, Брянский район, Добруньское сельское поселение, с. Октябрьское, д. 8/1","ООО «Интернет Решения», обл. Брянская, Брянский район, Добруньское сельское поселение, с. Октябрьское, д. 8/1",7704217370 / 324545001,"40702810600014252743 в банке ЗАО «Юникредит Банк», БИК 044525545, к/с 30101810300000000545",Телефон: +7 910 330 31 91 — Александр,Нет GLN,Нет GUID
Великий Новгород — Сырково,СЦ_Великий_Новгород_Сырково,Нет координат,"173507, обл. Новгородская, р-н Новгородский, д. Сырково, ул. Пригородная, дом 45А, литер Д","ООО «Интернет Решения», 173507, обл. Новгородская, Новгородский р-н, д. Сырково, ул. Пригородная, стр. 45А",7704217370 / 531045002,"40702810600014252743 в банке ЗАО «Юникредит Банк», БИК 044525545, к/с 30101810300000000545",Телефон:  +7 911 630-02-77 — дежурный телефон СЦ.,Нет GLN,Нет GUID
Владимир,ВЛАДИМИР_МОСТОСТРОЕВСКАЯ_ФБС,Нет координат,"600033, Владимирская обл., г. Владимир, ул. Мостостроевская, д. 12","ООО «Интернет Решения», 600033, Владимирская обл., г. Владимир, ул. Мостостроевская, д. 12",7704217370 / 330045001,"40702810600014252743 в банке ЗАО «Юникредит Банк», БИК 044525545, к/с 30101810300000000545",Телефоны:+7 902 880-11-49+7 929 027-87-79+7 915 999-50-99,Нет GLN,Нет GUID
Волгоград,СЦ_ВОЛГОГРАД_ПРЖЕВАЛЬСКОГО,Нет координат,"400127, Волгоград, Волгоградская обл., ул. Пржевальского, 20","ООО «Интернет Решения», 400127, Волгоград, Волгоградская обл., ул. Пржевальского, д. 20",7704217370 / 345945002,"40702810600014252743 в банке ЗАО «Юникредит Банк», БИК 044525545, к/с 30101810300000000545",Телефоны:+7 987 650-08-63;+7 927 513-37-20.,Нет GLN,Нет GUID
Вологда,СЦ_Вологда,Нет координат,"​ ​160014, обл. Вологодская, г. Вологда, ул. Мудрова, д. 30","ООО «Интернет Решения», 160014, обл. Вологодская, г. Вологда, ул. Мудрова, д. 30",7704217370 / 352545005,"40702810600014252743 в банке ЗАО «Юникредит Банк», БИК 044525545, к/с 30101810300000000545",Телефон: +79115402157 — дежурный телефон СЦ,Нет GLN,Нет GUID
Златоуст — Парковый,ЗЛАТОУСТ_ХАБ_ПАРКОВЫЙ,Нет координат,"Челябинская обл., г. Златоуст ул. Парковый проезд 5","ООО «Интернет Решения», Челябинская обл., г. Златоуст ул. Парковый проезд 5",7704217370 / 740445002,"40702810600014252743 в банке ЗАО «Юникредит Банк», БИК 044525545, к/с 30101810300000000545",Телефон: +7 950 739-55-25,Нет GLN,Нет GUID
Иваново — Окружная,ИВАНОВО_ХАБ_ОКРУЖНАЯ,Нет координат,"обл. Ивановская, р-н Ивановский, д. Игнатово, ул. Окружная, д. 17","ООО «Интернет Решения», обл. Ивановская, р-н Ивановский, д. Игнатово, ул. Окружная, д. 17",7704217370 / 370045001,"40702810600014252743 в банке ЗАО «Юникредит Банк», БИК 044525545, к/с 30101810300000000545",Нет номера телефона,Нет GLN,Нет GUID
Ижевск — Пойма,СЦ_ИЖЕВСК_ПОЙМА,Нет координат," Удмуртская Республика, г. Ижевск, ул. Пойма, д. 79Е","ООО «Интернет Решения», Удмуртская Республика, г. Ижевск, ул. Пойма, д. 79",7704217370 / 183245002,"40702810600014252743 в банке ЗАО «Юникредит Банк», БИК 044525545, к/с 30101810300000000545",Нет номера телефона,Нет GLN,Нет GUID
Иркутск — Розы, Иркутск_Хаб_Розы218,Нет координат,"​ 664053, обл. Иркутская, г. Иркутск, ул. Розы Люксембург, д. 218","ООО «Интернет Решения», 64053, обл. Иркутская, г. Иркутск, ул. Розы Люксембург, д. 218",7704217370 / 381245002,"40702810600014252743 в банке ЗАО «Юникредит Банк», БИК 044525545, к/с 30101810300000000545",Телефон:,Нет GLN,Нет GUID
Казань — Аэропорт,КАЗАНЬ_ХАБ_АЭРОПОРТ,Нет координат,"422624 Россия, Респ. Татарстан, р-н Лаишевский, с. Столбище, ул. Советская, д. 271. Ворота 26D/27D","ООО «Интернет Решения», 422624, Респ. Татарстан, р-н Лаишевский, с. Столбище, ул. Советская, д. 271",7704217370 / 168445001,"40702810600014252743 в банке ЗАО «Юникредит Банк», БИК 044525545, к/с 30101810300000000545",Нет номера телефона,Нет GLN,Нет GUID
Калуга — Академический,СЦ_КАЛУГА_АКАДЕМИЧЕСКИЙ,Нет координат,"г. Калуга, 2-й Академический проезд, д. 12","ООО «Интернет Решения»,  г. Калуга, 2-й Академический проезд, д. 12",7704217370 / 400045001,"40702810600014252743 в банке ЗАО «Юникредит Банк», БИК 044525545, к/с 30101810300000000545",Нет номера телефона,Нет GLN,Нет GUID
Кемерово,СЦ_Кемерово,Нет координат,"​650517, обл. Кемеровская область — Кузбасс, р-н Кемеровский, пос. Металлплощадка, ул. Воскресенская, д. 5/3","ООО «Интернет Решения», ​650517, обл. Кемеровская область — Кузбасс, р-н Кемеровский, пос. Металлплощадка, ул. Воскресенская, д. 5/3",7704217370 / 425045001,"40702810600014252743 в банке ЗАО «Юникредит Банк», БИК 044525545, к/с 30101810300000000545",Телефон: +7 961 710-14-23,Нет GLN,Нет GUID
Киров,СЦ_КИРОВ_ЩОРСА,Нет координат,"г. Киров, ул. Щорса, д. 70А/1","ООО «Интернет Решения», 610044, обл. Кировская, г. Киров, ул. Луганская, д. 57А",7704217370 / 434545005,"40702810600014252743 в банке ЗАО «Юникредит Банк», БИК 044525545, к/с 30101810300000000545",Нет номера телефона,Нет GLN,Нет GUID
Краснодар,СЦ_КРАСНОДАР_ФБС,Нет координат,"Краснодарский край, г. Краснодар. х. Октябрьский, ул. Подсолнечная, д. 44А","ООО «Интернет Решения», 350032, Краснодарский край, г. Краснодар. х. Октябрьский, ул. Подсолнечная, д. 44А",7704217370 / 231145001,"40702810600014252743 в банке ЗАО «Юникредит Банк», БИК 044525545, к/с 30101810300000000545",Телефон: +7 989 852-89-09,Нет GLN,Нет GUID
Курган,СЦ_КУРГАН_ОМСКАЯ_3PL,Нет координат,"Курганская обл., г. Курган, ул. Омская, д.179я","ООО «Интернет Решения», 640027 обл. Курганская, г. Курган, ул. Омская, строение 179я",7704217370 / 450145003,"40702810600014252743 в банке ЗАО «Юникредит Банк», БИК 044525545, к/с 30101810300000000545",Нет номера телефона,Нет GLN,Нет GUID
Курск — Октября,СЦ_КУРСК_ОКТЯБРЯ,Нет координат,"305040, Курская обл., г. Курск, ул. 50 лет Октября, д. 179","ООО «Интернет Решения», 305040, обл. Курская, г. Курск, ул. 50 лет Октября, д. 179",7704217370 / 463245010,"40702810600014252743 в банке ЗАО «Юникредит Банк», БИК 044525545, к/с 30101810300000000545",Нет номера телефона,Нет GLN,Нет GUID
Липецк — Гагарина,ЛИПЕЦК_ХАБ_ГАГАРИНА,Нет координат,"г. Липецк, улица Гагарина, 100Б","ООО «Интернет Решения», г. Липецк, улица Гагарина, 100Б",7704217370 / 480045001,"40702810600014252743 в банке ЗАО «Юникредит Банк», БИК 044525545, к/с 30101810300000000545",Нет номера телефона,Нет GLN,Нет GUID
Липецк — Трубный,СЦ_ЛИПЕЦК_ТРУБНЫЙ,Нет координат,"398037, обл. Липецкая, г. Липецк, пр-д Трубный, 1А","ООО «Интернет Решения», 398037, обл. Липецкая, г. Липецк, пр-д Трубный, 1А",7704217370 / 482545001,"40702810600014252743 в банке ЗАО «Юникредит Банк», БИК 044525545, к/с 30101810300000000545",Телефон: +7 904 680-08-10,Нет GLN,Нет GUID
Магнитогорск — Красноармейская,СЦ_МАГНИТОГОРСК_КРАСНОАРМЕЙСКАЯ,Нет координат,"Челябинская область, г. Магнитогорск, ул. Красноармейская, д. 41/1","ООО «Интернет Решения», Челябинская область, г. Магнитогорск, ул. Красноармейская, д. 41/1",7704217370 / 745545003,"40702810600014252743 в банке ЗАО «Юникредит Банк», БИК 044525545, к/с 30101810300000000545",Телефон: +7 912 409-33-35 — Наталья,Нет GLN,Нет GUID
Минеральные Воды,СЦ_МИНЕРАЛЬНЫЕ_ВОДЫ,Нет координат,"г. Минеральные Воды, ул. 1-я Промышленная, д. 43, (Промзона КУЛОН ЮГРОСС)","ООО «Интернет Решения», г. Минеральные Воды, ул. 1-я Промышленная, д. 43",7704217370 / 263045001,"40702810600014252743 в банке ЗАО «Юникредит Банк», БИК 044525545, к/с 30101810300000000545",Нет номера телефона,Нет GLN,Нет GUID
Москва — Кавказский,МСК_КАВКАЗСКИЙ_ХАБ,Нет координат,"115516 Россия, г. Москва, Кавказский бульвар, д. 57, стр. 4","ООО «Интернет Решения», 115516 Россия, г. Москва, Кавказский бульвар, д. 57, стр. 4",7704217370 / 771545492,"40702810600014252743 в банке ЗАО «Юникредит Банк», БИК 044525545, к/с 30101810300000000545",Нет номера телефона,Нет GLN,Нет GUID
Москва — Медведково,СЦ_МСК_МЕДВЕДКОВО,Нет координат,"127282 Россия, г. Москва, Чермянская улица, д. 4, стр. 1","ООО «Интернет Решения», 127282 Россия, г. Москва, Чермянская улица, д. 4, стр. 1",7704217370 / 771545490,"40702810600014252743 в банке ЗАО «Юникредит Банк», БИК 044525545, к/с 30101810300000000545",Нет номера телефона,Нет GLN,Нет GUID
Москва — Московский,МСК_МОСКОВСКИЙ_ХАБ,Нет координат,"г. Москва, пос. Московский, д. Саларьево, вл. 7 стр.1","ООО «Интернет Решения», г. Москва, пос. Московский, д. Саларьево, вл. 7",7704217370 / 771545473,"40702810600014252743 в банке ЗАО «Юникредит Банк», БИК 044525545, к/с 30101810300000000545",Нет номера телефона,Нет GLN,Нет GUID
Москва — Саларьево,СЦ_МСК_САЛАРЬЕВО,Нет координат,"г. Москва, пос. Московский, д. Саларьево, владение 7 стр. 1","ООО «Интернет Решения», г. Москва, пос. Московский, д. Саларьево, владение 7 стр. 1",7704217370 / 771545473,"40702810600014252743 в банке ЗАО «Юникредит Банк», БИК 044525545, к/с 30101810300000000545",Нет номера телефона,Нет GLN,Нет GUID
Москва — Скотопрогонная,СЦ_МОСКВА_СКОТОПРОГОННАЯ,Нет координат,"г. Москва, ул. Скотопрогонная, д. 35, стр. 3","ООО «Интернет Решения», 109029, г. Москва, ул. Скотопрогонная, д. 35, стр. 3",7704217370 / 771545082,"40702810600014252743 в банке ЗАО «Юникредит Банк», БИК 044525545, к/с 30101810300000000545",Нет номера телефона,Нет GLN,Нет GUID
Москва — Строгино,СЦ_МСК_СТРОГИНО,Нет координат,"г. Москва, 2-я Лыковская улица, 63с5"," ООО «Интернет Решения», г. Москва, 2-я Лыковская улица, 63с5",7704217370 / 771545497,"40702810600014252743 в банке ЗАО «Юникредит Банк», БИК 044525545, к/с 30101810300000000545",Нет номера телефона,Нет GLN,Нет GUID
МО Быково,МО_БЫКОВО_ФБС,Нет координат,"обл. Московская, р-н Раменский, Быково, ул. Аэропортовская, д. 14, корп. Т","ООО «Интернет Решения», обл. Московская, р-н Раменский, Быково, ул. Аэропортовская, д. 14, корп. Т",7704217370 / 504045011,"40702810600014252743 в банке ЗАО «Юникредит Банк», БИК 044525545, к/с 30101810300000000545",Нет номера телефона,Нет GLN,Нет GUID
МО Внуково,МО_ВНУКОВО_ХАБ,Нет координат,"г. Москва, поселение Марушкинское, деревня Шарапово, Придорожная улица, к5","ООО «Интернет Решения», г. Москва, поселение Марушкинское, деревня Шарапово, Придорожная улица, к5",7704217370 / 771545493,"40702810600014252743 в банке ЗАО «Юникредит Банк», БИК 044525545, к/с 30101810300000000545",Телефон: +7 993 281-06-73,Нет GLN,Нет GUID
МО Львовский,СЦ_МО_ЛЬВОВСКИЙ,Нет координат,"142155 Россия, обл. Московская, г. Подольск, промышленная зона Львовский, ул. Московская, д. 69, стр. 5","ООО «Интернет Решения», 142155 Россия, обл. Московская, г. Подольск, промышленная зона Львовский, ул. Московская, д. 69, стр. 5",7704217370 / 507445010,"40702810600014252743 в банке ЗАО «Юникредит Банк», БИК 044525545, к/с 30101810300000000545",Нет номера телефона,Нет GLN,Нет GUID
МО Успенский,СЦ_МО_УСПЕНСКИЙ,Нет координат,"обл. Московская, г. Ногинск, пос. Затишье, промышленная зона Технопарк Успенский, д. 5, стр. 1","ООО «Интернет Решения», обл. Московская, г. Ногинск, пос. Затишье, промышленная зона Технопарк Успенский, д. 5, стр. 1",7704217370 / 503145005,"40702810600014252743 в банке ЗАО «Юникредит Банк», БИК 044525545, к/с 30101810300000000545",Нет номера телефона,Нет GLN,Нет GUID
МО Химки,СЦ_МО_ХИМКИ,Нет координат,"141401, обл. Московская, г. Химки, пр-д Коммунальный, 30А, стр. 1","ООО «Интернет Решения», 141401, обл. Московская, г. Химки, пр-д Коммунальный, 30А, стр. 1",7704217370 / 504745013,"40702810600014252743 в банке ЗАО «Юникредит Банк», БИК 044525545, к/с 30101810300000000545","Телефон: +7 926 376-26-28, +7 985 135-38-71",Нет GLN,Нет GUID
МО Щербинка,СЦ_МО_ЩЕРБИНКА,Нет координат,"обл. Московская, г. Подольск, д. Борисовка, промышленная зона ПромТехАльянс, д. 1, стр. 2","ООО «Интернет Решения», обл. Московская, г. Подольск, д. Борисовка, промышленная зона ПромТехАльянс, д. 1, стр. 1",7704217370 / 507445007,"40702810600014252743 в банке ЗАО «Юникредит Банк», БИК 044525545, к/с 30101810300000000545",Нет номера телефона,Нет GLN,Нет GUID
МО Чёрная Грязь,СЦ_МО_ЧЕРНАЯ_ГРЯЗЬ,Нет координат,"Московская обл., Солнечногорский р-н, дер. Черная Грязь, ул. Сходненская, стр. 1,","ООО «Интернет Решения», 141580, Московская область, Солнечногорский р-н, дер. Черная Грязь, ул. Сходненская, стр. 1",7704217370 / 504445007,"40702810600014252743 в банке ЗАО «Юникредит Банк», БИК 044525545, к/с 30101810300000000545","Телефон: +7 495 744-29-61, доб. 77162, 71888, 76278",Нет GLN,Нет GUID
Набережные Челны,СЦ_НАБЕРЕЖНЫЕ_ЧЕЛНЫ,Нет координат,"423800, Набережные Челны, Альметьевский тракт, д. 5а","ООО «Интернет Решения», 423800, г. Набережные Челны, Альметьевский тракт, д. 5А",7704217370 / 165045008,"40702810600014252743 в банке ЗАО «Юникредит Банк», БИК 044525545, к/с 30101810300000000545",Нет номера телефона,Нет GLN,Нет GUID
Нижнее Велино,СЦ_МО_НИЖНЕЕ_ВЕЛИНО_1,Нет координат,"обл. Московская, р-н Раменский, д. Нижнее Велино, ш. Старо-Рязанское, корпус 2, стр. 2","ООО «Интернет Решения», обл. Московская, р-н Раменский, д. Нижнее Велино, ш. Старо-Рязанское, корпус 2, стр. 2",7704217370 / 504045006,"40702810600014252743 в банке ЗАО «Юникредит Банк», БИК 044525545, к/с 30101810300000000545",Телефон: +7 985 532-45-47,Нет GLN,Нет GUID
Нижний Тагил,СЦ_НИЖНИЙ_ТАГИЛ_ВОСТОЧНОЕ,Нет координат,"622000, обл. Свердловская, г. Нижний Тагил, Восточное шоссе, д. 17а","ООО «Интернет Решения», 62200, обл. Свердловская, г. Нижний Тагил, ш. Восточное, д. 17А",7704217370 / 662345005,"40702810600014252743 в банке ЗАО «Юникредит Банк», БИК 044525545, к/с 30101810300000000545",Нет номера телефона,Нет GLN,Нет GUID
Новокузнецк — Автотранспортная,СЦ_НОВОКУЗНЕЦК_АВТОТРАНСПОРТНАЯ,Нет координат,"г. Новокузнецк, ул. Автотранспортная, д. 3, к. 2","ООО «Интернет Решения», г. Новокузнецк, ул. Автотранспортная, д. 3, к. 2",7704217370 / 425345004,"40702810600014252743 в банке ЗАО «Юникредит Банк», БИК 044525545, к/с 30101810300000000545",Телефон: +7 913 910-06-20,Нет GLN,Нет GUID
Новочебоксарск,СЦ_НОВОЧЕБОКСАРСК_КОММУНАЛЬНАЯ,Нет координат,"Чувашская Республика, г. Новочебоксарск, ул. Коммунальная, влд. 22","ООО «Интернет Решения», Чувашская Республика, г. Новочебоксарск, ул. Коммунальная, влд. 22",7704217370 / 210045001,"40702810600014252743 в банке ЗАО «Юникредит Банк», БИК 044525545, к/с 30101810300000000545",Нет номера телефона,Нет GLN,Нет GUID
Новый Уренгой — Таёжная,СЦ_НОВЫЙ_УРЕНГОЙ_ТАЕЖНАЯ_3PL,Нет координат,"г. Новый Уренгой, ул. Таежная, д. 204 / 12, западная промзона, панель Е","ООО «Интернет Решения», г. Новый Уренгой, ул. Таежная, д. 204 / 12",7704217370 / 890445001,"40702810600014252743 в банке ЗАО «Юникредит Банк», БИК 044525545, к/с 30101810300000000545",Нет номера телефона,Нет GLN,Нет GUID
Омск — Казахстанская,СЦ_ОМСК_КАЗАХСТАНСКАЯ,Нет координат,"г. Омск, ул. 2-я Казахстанская, д. 46","ООО «Интернет Решения», г. Омск, ул. 2-я Казахстанская, д. 46",7704217370 / 550745007,"40702810600014252743 в банке ЗАО «Юникредит Банк», БИК 044525545, к/с 30101810300000000545",Нет номера телефона,Нет GLN,Нет GUID
Оренбург Базовая,СЦ_ОРЕНБУРГ_БАЗОВАЯ,Нет координат,"г. Оренбург, ул. Базовая, д. 17А","ООО «Интернет Решения», г. Оренбург, ул. Базовая, д. 17А",7704217370 / 560945003,"40702810600014252743 в банке ЗАО «Юникредит Банк», БИК 044525545, к/с 30101810300000000545",Нет номера телефона,Нет GLN,Нет GUID
Орёл — Южный,СЦ_ОРЕЛ_ЮЖНЫЙ,Нет координат,"г. Орёл, пер. Южный, д. 18","ООО «Интернет Решения», г. Орёл, пер. Южный, д. 18",7704217370 / 575145001,"40702810600014252743 в банке ЗАО «Юникредит Банк», БИК 044525545, к/с 30101810300000000545",Нет номера телефона,Нет GLN,Нет GUID
СПБ Шушары,ТСЦ_СПБ_ШУШАРЫ,Нет координат,"г. Санкт-Петербург, посёлок Шушары, Московское шоссе, д. 145, стр. 10 (вход для кроссдок поставок между 53 и 54 воротами)","ООО «Интернет Решения», г. Санкт-Петербург, посёлок Шушары, Московское шоссе, д. 145, стр. 10",7704217370 / 781745004,"40702810600014252743 в банке ЗАО «Юникредит Банк», БИК 044525545, к/с 30101810300000000545",Нет номера телефона,Нет GLN,Нет GUID
СПб Юкки,СПБ_ДО_Юкки,Нет координат,"​194362, г. Санкт-Петербург, пос. Парголово, ш. Выборгское, д. 503 корп. 3, стр. 1","ООО «Интернет Решения», 194362, г. Санкт-Петербург, пос. Парголово, ш. Выборгское, д. 503 корп. 3, стр. 1",7704217370 / 780245020,"40702810600014252743 в банке ЗАО «Юникредит Банк», БИК 044525545, к/с 30101810300000000545",Нет номера телефона,Нет GLN,Нет GUID
Пенза — Совхозная,СЦ_ПЕНЗА_СОВХОЗНАЯ,Нет координат,"Россия, обл. Пензенская, г. Пенза, ул. Совхозная, д. 15","ООО «Интернет Решения», Россия, обл. Пензенская, г. Пенза, ул. Совхозная, д. 15",7704217370 / 583545002,"40702810600014252743 в банке ЗАО «Юникредит Банк», БИК 044525545, к/с 30101810300000000545",Нет номера телефона,Нет GLN,Нет GUID
Пермь — Аэлита,СЦ_ПЕРМЬ_АЭЛИТА,Нет координат,"г. Пермь, ул. Деревообделочная, д. 6а","ООО «Интернет Решения», г. Пермь, ул. Деревообделочная, д. 6а",7704217370 / 590345002,"40702810600014252743 в банке ЗАО «Юникредит Банк», БИК 044525545, к/с 30101810300000000545",Нет номера телефона,Нет GLN,Нет GUID
Петрозаводск — Пряжинское,СЦ_Петрозаводск_Пряжинское,Нет координат,"185013, респ. Карелия, г. Петрозаводск, ш. Пряжинское, д. 10","ООО «Интернет Решения», 185001, респ. Карелия, г. Петрозаводск, ш. Пряжинское, д. 10",7704217370 / 100145009,"40702810600014252743 в банке ЗАО «Юникредит Банк», БИК 044525545, к/с 30101810300000000545",Нет номера телефона,Нет GLN,Нет GUID
Псков — Маргелова,ПСКОВ_ХАБ_МАРГЕЛОВА,Нет координат,"г. Псков, ул. Генерала Маргелова д. 47А","ООО «Интернет Решения», г. Псков, ул. Генерала Маргелова д. 47",7704217370 / 600045002,"40702810600014252743 в банке ЗАО «Юникредит Банк», БИК 044525545, к/с 30101810300000000545",Телефон: +7 981 361-41-67,Нет GLN,Нет GUID
Рязань — Добролюбова,СЦ_РЯЗАНЬ_ДОБРОЛЮБОВА,Нет координат,"г. Рязань, 4-ый проезд Добролюбова, д. 1","ООО «Интернет Решения», г. Рязань, 4-ый проезд Добролюбова, д. 1",7704217370 / 623045004,"40702810600014252743 в банке ЗАО «Юникредит Банк», БИК 044525545, к/с 30101810300000000545",Нет номера телефона,Нет GLN,Нет GUID
Салават — Первомайская,САЛАВАТ_ХАБ_ПЕРВОМАЙСКАЯ,Нет координат,г. Салават ул. Первомайская 64б,"ООО «Интернет Решения», г. Салават ул. Первомайская 64б",7704217370 / 26645005,"40702810600014252743 в банке ЗАО «Юникредит Банк», БИК 044525545, к/с 30101810300000000545",Телефон: +7 917 418-56-55,Нет GLN,Нет GUID
Самара — Индустриальная,САМАРА_ХАБ_ИНДУСТРИАЛЬНАЯ,Нет координат,"Самарская область, Волжский район, с. Преображенка, ул. Индустриальная 1Б/2","ООО «Интернет Решения», Самарская область, Волжский район, с. Преображенка, ул. Индустриальная 1Б/2",7704217370 / 633045007,"40702810600014252743 в банке ЗАО «Юникредит Банк», БИК 044525545, к/с 30101810300000000545",Телефон: +7 965 886-39-27,Нет GLN,Нет GUID
Саратов — Трофимовский,СЦ_САРАТОВ_ТРОФИМОВСКИЙ,Нет координат,"Саратовская область, г. Саратов, Станция Трофимовский-2, стр. 7","ООО «Интернет Решения», Саратовская область, г. Саратов, ул. Трофимовская, д. 30, стр. 1",7704217370 / 645345004,"40702810600014252743 в банке ЗАО «Юникредит Банк», БИК 044525545, к/с 30101810300000000545",Нет номера телефона,Нет GLN,Нет GUID
Смоленск — Индустриальная,СЦ_СМОЛЕНСК_ИНДУСТРИАЛЬНАЯ,Нет координат,"г. Смоленск, ул. Индустриальная, д. 4","ООО «Интернет Решения», г. Смоленск, ул. Индустриальная, д. 4, стр. 1",7704217370 / 673245007,"40702810600014252743 в банке ЗАО «Юникредит Банк», БИК 044525545, к/с 30101810300000000545",Нет номера телефона,Нет GLN,Нет GUID
Сочи — Барановское,СОЧИ_ХАБ_БАРАНОВСКОЕ,Нет координат,"Краснодарский край, гор. округ Сочи, Барановское шоссе 2/2","ООО «Интернет Решения», Краснодарский край, гор. округ Сочи, Барановское шоссе 2/2",7704217370 / 236645016,"40702810600014252743 в банке ЗАО «Юникредит Банк», БИК 044525545, к/с 30101810300000000545",Телефон: +7 918 271-03-01,Нет GLN,Нет GUID
Ставрополь,СЦ_СТАВРОПОЛЬ_РАКИТНАЯ,Нет координат,"г. Ставрополь, ул. Ракитная, д. 7","ООО «Интернет Решения», г. Ставрополь, ул. Ракитная, д. 7",7704217370 / 263445004,"40702810600014252743 в банке ЗАО «Юникредит Банк», БИК 044525545, к/с 30101810300000000545",Телефон: +7 918 790-08-73,Нет GLN,Нет GUID
Сургут,СЦ_СУРГУТ_НЕФТЕЮГАНСКОЕ,Нет координат,"г. Сургут, ул. Нефтеюганское шоссе, д. 22/2","ООО «Интернет Решения», 628426, Ханты-Мансийский Автономный округ — Югра АО, г. Сургут, ул. Нефтеюганское шоссе, д. 22/2",7704217370 / 860245003,"40702810600014252743 в банке ЗАО «Юникредит Банк», БИК 044525545, к/с 30101810300000000545",Телефон: +7 951 981-77-75,Нет GLN,Нет GUID
Тамбов,СЦ_ТАМБОВ_МАГИСТРАЛЬНАЯ,Нет координат,"Тамбовская обл., г. Тамбов, ул. Магистральная, д. 45, стр.1","ООО «Интернет Решения», Тамбовская обл., г. Тамбов, ул. Магистральная, д. 45, стр.1",7704217370 / 682945008,"40702810600014252743 в банке ЗАО «Юникредит Банк», БИК 044525545, к/с 30101810300000000545",Телефон: +7 953 700-26-95 — Дмитрий,Нет GLN,Нет GUID
Тольятти,СЦ_ТОЛЬЯТТИ_МАГИСТРАЛЬНАЯ,Нет координат,"445000, обл. Самарская, г. Тольятти, ул. Магистральная, д. 15","ООО «Интернет Решения», 445000, обл. Самарская, г. Тольятти, ул. Магистральная, д. 15",7704217370 / 632445006,"40702810600014252743 в банке ЗАО «Юникредит Банк», БИК 044525545, к/с 30101810300000000545",Телефон: +7 964 982-77-54,Нет GLN,Нет GUID
Томск — Профсоюзная,СЦ_ТОМСК_ПРОФСОЮЗНАЯ,Нет координат,"г. Томск, ул. Профсоюзная, д. 2/47","ООО «Интернет Решения», г. Томск, ул. Профсоюзная, д. 2/47",7704217370 / 701745014,"40702810600014252743 в банке ЗАО «Юникредит Банк», БИК 044525545, к/с 30101810300000000545",Нет номера телефона,Нет GLN,Нет GUID
Тула,СЦ_Тула_Щегловская,Нет координат,"300004, обл. Тульская, г. Тула, ул. Щегловская засека, д. 31, склад «Технопарк»","ООО «Интернет Решения», 300004, обл. Тульская, г. Тула, ул. Щегловская засека, д. 31",7704217370 / 710545002,"40702810600014252743 в банке ЗАО «Юникредит Банк», БИК 044525545, к/с 30101810300000000545",Телефон: +7 930 899-99-78,Нет GLN,Нет GUID
Тюмень — Тобольского,ТЮМЕНЬ_ХАБ_ТОБОЛЬСКОГО,Нет координат,"обл. Тюменская, г. Тюмень, 5-й км Старо-Тобольского тракта, д. 2а стр.2","ООО «Интернет Решения», обл. Тюменская, г. Тюмень, 5-й км Старо-Тобольского тракта, д. 2а стр.2",7704217370 / 720345016,"40702810600014252743 в банке ЗАО «Юникредит Банк», БИК 044525545, к/с 30101810300000000545",Нет номера телефона,Нет GLN,Нет GUID
Ульяновск,УЛЬЯНОВСК_ХАБ_МАГИСТРАЛЬНАЯ,Нет координат,"432043, Ульяновская область, г. Ульяновск, ул. Магистральная, строение 1","ООО «Интернет Решения», 432072, обл. Ульяновская, г. Ульяновск, ул. Магистральная, строение 1",7704217370 / 730045001,"40702810600014252743 в банке ЗАО «Юникредит Банк», БИК 044525545, к/с 30101810300000000545",Нет номера телефона,Нет GLN,Нет GUID
Уфа,СЦ_УФА_ЧЕСНОКОВКА,Нет координат,"Республика Башкортостан, Уфимский район, посёлок Чесноковка, ул. Карьерная, д. 7, стр. 7","ООО «Интернет Решения», 450520, Респ. Башкортостан, р-н Уфимский, с. Чесноковка, ул. Карьерная, д. 7, стр. 5",7704217370 / 24545002,"40702810600014252743 в банке ЗАО «Юникредит Банк», БИК 044525545, к/с 30101810300000000545",Телефон: +7 919 150-18-66,Нет GLN,Нет GUID
Ханты-Мансийск — Строителей,ХАНТЫ_МАНСИЙСК_ХАБ_СТРОИТЕЛЕЙ,Нет координат,"г. Ханты-Мансийск, ул. Строителей, д 12","ООО «Интернет Решения», г. Ханты-Мансийск, ул. Строителей, д 12", 7704217370 / 860145003,"40702810600014252743 в банке ЗАО «Юникредит Банк», БИК 044525545, к/с 30101810300000000545",Нет номера телефона,Нет GLN,Нет GUID
Челябинск — Танкограда,СЦ_ЧЕЛЯБИНСК_ТАНКОГРАДА,Нет координат,Челябинская обл. г. Челябинск ул. Героев Танкограда 29П,"ООО «Интернет Решения», Челябинская обл. г. Челябинск ул. Героев Танкограда 29П",7704217370 / 744745009,"40702810600014252743 в банке ЗАО «Юникредит Банк», БИК 044525545, к/с 30101810300000000545",Нет номера телефона,Нет GLN,Нет GUID
Чита,ЧИТА_ХАБ_НОВЫЙ,Нет координат,"Забайкальский край, г. Чита, Солдатский тупик 35","ООО «Интернет Решения», Забайкальский край, г. Чита, Солдатский тупик 35",7704217370 / 750045001,"40702810600014252743 в банке ЗАО «Юникредит Банк», БИК 044525545, к/с 30101810300000000545",Телефон: +7 924 819-19-86,Нет GLN,Нет GUID
Ярославль — Промышленная,СЦ_ЯРОСЛАВЛЬ_ПРОМЫШЛЕННАЯ,Нет координат,"обл. Ярославская, г. Ярославль, ул. Промышленная, д. 24","ООО «Интернет Решения», обл. Ярославская, г. Ярославль, ул. Промышленная, д. 24",7704217370 / 760645004,"40702810600014252743 в банке ЗАО «Юникредит Банк», БИК 044525545, к/с 30101810300000000545",Нет номера телефона,Нет GLN,Нет GUID
